[
  {
    "id": "q0",
    "question": "Which course or track are you interested in?",
    "options": [
      "Frontend Development",
      "Backend Development",
      "Full Stack Development",
      "Data Science",
      "AI/ML",
      "Cybersecurity",
      "Mobile App Development",
      "DevOps",
      "Game Development"
    ]
  },
  {
    "id": "q1",
    "question": "What is your current skill level in this track?",
    "options": ["Beginner", "Intermediate", "Advanced"]
  },
  {
    "id": "q2",
    "question": "How many hours can you study per week?",
    "options": ["<5 hours", "5-10 hours", "10-20 hours", ">20 hours"]
  },
  {
    "id": "q3",
    "question": "What is your final goal?",
    "options": ["Get a Job", "Freelance Work", "Skill Upgrade", "Certification"]
  },
  {
    "id": "q4",
    "question": "What is your timeline?",
    "options": ["1 month", "3 months", "6 months", "1 year"]
  },
  {
    "id": "q5",
    "question": "Preferred programming language?",
    "options": ["Python", "JavaScript", "Java", "C++", "No Preference"]
  },
  {
    "id": "q6",
    "question": "Preferred framework/library?",
    "options": ["React", "Vue", "Django", "Flask", "None"]
  },
  {
    "id": "q7",
    "question": "Do you have prior programming experience?",
    "options": ["Yes", "No"]
  },
  {
    "id": "q8",
    "question": "How much are you interested in doing projects?",
    "options": ["Low", "Medium", "High"]
  },
  {
    "id": "q9",
    "question": "Do you want certifications?",
    "options": ["Yes", "No"]
  }
]
